<?xml version="1.0" encoding="UTF-8"?>
<project-private xmlns="http://www.netbeans.org/ns/project-private/1">
    <editor-bookmarks xmlns="http://www.netbeans.org/ns/editor-bookmarks/2" lastBookmarkId="0"/>
    <open-files xmlns="http://www.netbeans.org/ns/projectui-open-files/2">
        <group>
            <file>file:/D:/Study/CPT206/NetBeansProjects/CPT206%20CW3%20Report%202143444/src/BudgetManagerUI.java</file>
            <file>file:/D:/Study/CPT206/NetBeansProjects/CPT206%20CW3%20Report%202143444/src/projectException/MonthlyLimitExceededException.java</file>
            <file>file:/D:/Study/CPT206/NetBeansProjects/CPT206%20CW3%20Report%202143444/src/Transaction.java</file>
            <file>file:/D:/Study/CPT206/NetBeansProjects/CPT206%20CW3%20Report%202143444/src/MonthlyLimitExceededException.java</file>
            <file>file:/D:/Study/CPT206/NetBeansProjects/CPT206%20CW3%20Report%202143444/src/BudgetManager.java</file>
        </group>
    </open-files>
</project-private>
